{
  "dataset": "20 Newsgroups from scikit-learn",
  "selected_model": "logistic_regression",
  "model_comparison": {
    "multinomial_naive_bayes": {
      "model_name": "multinomial_naive_bayes",
      "accuracy": 0.6832182687201275,
      "precision_macro": 0.7149247311751881,
      "recall_macro": 0.664212777009413,
      "f1_macro": 0.6567783597316225,
      "classification_report": {
        "alt.atheism": {
          "precision": 0.6896551724137931,
          "recall": 0.2507836990595611,
          "f1-score": 0.367816091954023,
          "support": 319.0
        },
        "comp.graphics": {
          "precision": 0.6367924528301887,
          "recall": 0.6940874035989717,
          "f1-score": 0.6642066420664207,
          "support": 389.0
        },
        "comp.os.ms-windows.misc": {
          "precision": 0.6715976331360947,
          "recall": 0.5761421319796954,
          "f1-score": 0.6202185792349727,
          "support": 394.0
        },
        "comp.sys.ibm.pc.hardware": {
          "precision": 0.5970464135021097,
          "recall": 0.7219387755102041,
          "f1-score": 0.6535796766743649,
          "support": 392.0
        },
        "comp.sys.mac.hardware": {
          "precision": 0.7553516819571865,
          "recall": 0.6415584415584416,
          "f1-score": 0.6938202247191011,
          "support": 385.0
        },
        "comp.windows.x": {
          "precision": 0.7777777777777778,
          "recall": 0.7620253164556962,
          "f1-score": 0.7698209718670077,
          "support": 395.0
        },
        "misc.forsale": {
          "precision": 0.7941952506596306,
          "recall": 0.7717948717948718,
          "f1-score": 0.7828348504551366,
          "support": 390.0
        },
        "rec.autos": {
          "precision": 0.8134110787172012,
          "recall": 0.7045454545454546,
          "f1-score": 0.7550744248985115,
          "support": 396.0
        },
        "rec.motorcycles": {
          "precision": 0.8130081300813008,
          "recall": 0.7537688442211056,
          "f1-score": 0.7822685788787483,
          "support": 398.0
        },
        "rec.sport.baseball": {
          "precision": 0.9019607843137255,
          "recall": 0.8110831234256927,
          "f1-score": 0.8541114058355438,
          "support": 397.0
        },
        "rec.sport.hockey": {
          "precision": 0.5696594427244582,
          "recall": 0.9223057644110275,
          "f1-score": 0.7043062200956938,
          "support": 399.0
        },
        "sci.crypt": {
          "precision": 0.7122641509433962,
          "recall": 0.7626262626262627,
          "f1-score": 0.7365853658536585,
          "support": 396.0
        },
        "sci.electronics": {
          "precision": 0.6761006289308176,
          "recall": 0.5470737913486005,
          "f1-score": 0.6047819971870605,
          "support": 393.0
        },
        "sci.med": {
          "precision": 0.847457627118644,
          "recall": 0.7575757575757576,
          "f1-score": 0.8,
          "support": 396.0
        },
        "sci.space": {
          "precision": 0.7588832487309645,
          "recall": 0.7588832487309645,
          "f1-score": 0.7588832487309645,
          "support": 394.0
        },
        "soc.religion.christian": {
          "precision": 0.4141069397042093,
          "recall": 0.914572864321608,
          "f1-score": 0.5700861393891934,
          "support": 398.0
        },
        "talk.politics.guns": {
          "precision": 0.5711159737417943,
          "recall": 0.717032967032967,
          "f1-score": 0.6358099878197321,
          "support": 364.0
        },
        "talk.politics.mideast": {
          "precision": 0.7847769028871391,
          "recall": 0.7952127659574468,
          "f1-score": 0.7899603698811096,
          "support": 376.0
        },
        "talk.politics.misc": {
          "precision": 0.78,
          "recall": 0.3774193548387097,
          "f1-score": 0.508695652173913,
          "support": 310.0
        },
        "talk.religion.misc": {
          "precision": 0.7333333333333333,
          "recall": 0.043824701195219126,
          "f1-score": 0.08270676691729323,
          "support": 251.0
        },
        "accuracy": 0.6832182687201275,
        "macro avg": {
          "precision": 0.7149247311751881,
          "recall": 0.664212777009413,
          "f1-score": 0.6567783597316225,
          "support": 7532.0
        },
        "weighted avg": {
          "precision": 0.714444263817746,
          "recall": 0.6832182687201275,
          "f1-score": 0.6720942522309703,
          "support": 7532.0
        }
      }
    },
    "logistic_regression": {
      "model_name": "logistic_regression",
      "accuracy": 0.6905204460966543,
      "precision_macro": 0.6917631486871585,
      "recall_macro": 0.6768337374856019,
      "f1_macro": 0.6766723510578271,
      "classification_report": {
        "alt.atheism": {
          "precision": 0.4864864864864865,
          "recall": 0.45141065830721006,
          "f1-score": 0.4682926829268293,
          "support": 319.0
        },
        "comp.graphics": {
          "precision": 0.6365740740740741,
          "recall": 0.7069408740359897,
          "f1-score": 0.6699147381242387,
          "support": 389.0
        },
        "comp.os.ms-windows.misc": {
          "precision": 0.6693333333333333,
          "recall": 0.6370558375634517,
          "f1-score": 0.6527958387516255,
          "support": 394.0
        },
        "comp.sys.ibm.pc.hardware": {
          "precision": 0.6752577319587629,
          "recall": 0.6683673469387755,
          "f1-score": 0.6717948717948717,
          "support": 392.0
        },
        "comp.sys.mac.hardware": {
          "precision": 0.7320441988950276,
          "recall": 0.6883116883116883,
          "f1-score": 0.7095046854082999,
          "support": 385.0
        },
        "comp.windows.x": {
          "precision": 0.8348082595870207,
          "recall": 0.7164556962025317,
          "f1-score": 0.771117166212534,
          "support": 395.0
        },
        "misc.forsale": {
          "precision": 0.7524752475247525,
          "recall": 0.7794871794871795,
          "f1-score": 0.7657430730478589,
          "support": 390.0
        },
        "rec.autos": {
          "precision": 0.7401574803149606,
          "recall": 0.7121212121212122,
          "f1-score": 0.7258687258687259,
          "support": 396.0
        },
        "rec.motorcycles": {
          "precision": 0.48392036753445633,
          "recall": 0.7939698492462312,
          "f1-score": 0.6013320647002854,
          "support": 398.0
        },
        "rec.sport.baseball": {
          "precision": 0.8110831234256927,
          "recall": 0.8110831234256927,
          "f1-score": 0.8110831234256927,
          "support": 397.0
        },
        "rec.sport.hockey": {
          "precision": 0.8969072164948454,
          "recall": 0.8721804511278195,
          "f1-score": 0.8843710292249047,
          "support": 399.0
        },
        "sci.crypt": {
          "precision": 0.856687898089172,
          "recall": 0.6792929292929293,
          "f1-score": 0.7577464788732394,
          "support": 396.0
        },
        "sci.electronics": {
          "precision": 0.6005221932114883,
          "recall": 0.5852417302798982,
          "f1-score": 0.5927835051546392,
          "support": 393.0
        },
        "sci.med": {
          "precision": 0.7593052109181141,
          "recall": 0.7727272727272727,
          "f1-score": 0.7659574468085106,
          "support": 396.0
        },
        "sci.space": {
          "precision": 0.7191283292978208,
          "recall": 0.7538071065989848,
          "f1-score": 0.7360594795539034,
          "support": 394.0
        },
        "soc.religion.christian": {
          "precision": 0.6431451612903226,
          "recall": 0.8015075376884422,
          "f1-score": 0.7136465324384788,
          "support": 398.0
        },